Tytuł,Źródło,Data,Link
How to invest in cryptocurrency: A beginner's guide,finance.yahoo.com,2026-03-16 16:59,https://finance.yahoo.com/personal-finance/investing/article/how-to-invest-in-cryptocurrency-for-beginners-155910593.html
Analysts issue stark Bitcoin warning after largest 2026 options expiry,thestreet.com,2026-03-27 21:19,https://www.thestreet.com/crypto/markets/analysts-issue-stark-bitcoin-warning-after-largest-2026-options-expiry
Crypto Thefts Hit $2.7 Billion as Coinbase Coverage Limits Raise Investor Questions,finance.yahoo.com,2026-03-27 21:07,https://finance.yahoo.com/markets/crypto/articles/crypto-thefts-hit-2-7-200707304.html
"Top Cryptocurrencies Fall; Bitcoin Falls Below $67,000",finance.yahoo.com,2026-03-27 21:04,https://finance.yahoo.com/markets/crypto/articles/top-cryptocurrencies-fall-bitcoin-falls-200406570.html
Sector Update: Financial Stocks Decline Late Afternoon,finance.yahoo.com,2026-03-27 21:01,https://finance.yahoo.com/markets/stocks/articles/sector-financial-stocks-decline-afternoon-200111848.html
Bitcoin Drops 4.3% as $14 Billion Options Expiry Pressures Market,finance.yahoo.com,2026-03-27 21:00,https://finance.yahoo.com/markets/crypto/articles/bitcoin-drops-4-3-14-200036183.html
Bitcoin Policy Institute Voices Strong Opposition to PARITY Act,bankless.com,2026-03-27 19:47,https://www.bankless.com/read/news/bitcoin-policy-institute-voices-strong-opposition-to-newly-published-parity-act
Analyst warns Bitcoin traders are buying ‘crash insurance’,thestreet.com,2026-03-27 19:30,https://www.thestreet.com/crypto/markets/analyst-warns-bitcoin-traders-are-buying-crash-insurance
Bitcoin extends slide as options point toward deeper decline,finance.yahoo.com,2026-03-27 19:20,https://finance.yahoo.com/news/bitcoin-slumps-options-showing-traders-114316734.html
Sector Update: Financial Stocks Decline Friday Afternoon,finance.yahoo.com,2026-03-27 19:04,https://finance.yahoo.com/markets/stocks/articles/sector-financial-stocks-decline-friday-180452663.html
